{
	"class_name" : "PinholeCameraTrajectory",
	"extrinsic" : 
	[
		[
			1,
			-0,
			-0,
			0,
			0,
			-1,
			-0,
			0,
			0,
			-0,
			-1,
			0,
			-780.71789803286083,
			401.06663289813594,
			435.2199046726563,
			1
		]
	],
	"intrinsic" : 
	{
		"height" : 1080,
		"intrinsic_matrix" : [ 935.30743608719376, 0, 0, 0, 935.30743608719376, 0, 927, 539.5, 1 ],
		"width" : 1855
	},
	"version_major" : 1,
	"version_minor" : 0
}