{
	"class_name" : "PinholeCameraTrajectory",
	"extrinsic" : 
	[
		[
			1,
			-0,
			-0,
			0,
			0,
			-1,
			-0,
			0,
			0,
			-0,
			-1,
			0,
			-644.71425965439926,
			611.07406843305148,
			627.48716241962074,
			1
		]
	],
	"intrinsic" : 
	{
		"height" : 1080,
		"intrinsic_matrix" : [ 935.30743608719376, 0, 0, 0, 935.30743608719376, 0, 927, 539.5, 1 ],
		"width" : 1855
	},
	"version_major" : 1,
	"version_minor" : 0
}